sample_id,original_image_id,filepath,label,label_id,source_split,bbox,sha256,crop_width,crop_height
validation_dog_062467895c0985e0_0,062467895c0985e0,data/processed/pilot/validation/dog/validation_dog_062467895c0985e0_0.jpg,dog,0,validation,"[0.0, 0.054572273, 1.0, 0.945427727]",ec9c7b6b1edb074da489e7945ba9c397dc35fcd23e15982ade9ddbd733fd91dc,683,1024
validation_dog_43937ce492369f49_0,43937ce492369f49,data/processed/pilot/validation/dog/validation_dog_43937ce492369f49_0.jpg,dog,0,validation,"[0.0, 0.0, 0.8320951, 0.9978022]",5190c3bba41210c051a7250555b782797b943196044f8b882709b6636e20a538,920,693
validation_dog_800727c99c1ced35_0,800727c99c1ced35,data/processed/pilot/validation/dog/validation_dog_800727c99c1ced35_0.jpg,dog,0,validation,"[0.25184095, 0.3104213, 0.45066274999999995, 0.6895787]",087a076072954c2ac646870f35a3a3861f96798b8f254f149ddd74210eca5ce0,535,507
validation_dog_a045eb32ffbd7beb_0,a045eb32ffbd7beb,data/processed/pilot/validation/dog/validation_dog_a045eb32ffbd7beb_0.jpg,dog,0,validation,"[0.0, 0.14791666, 0.8953125, 0.85208334]",56cc69b09a532d9254abc71de0d3eb36671c2921b569bf40d965343e03f2c460,990,707
validation_dog_c94fbcdd633e11b3_0,c94fbcdd633e11b3,data/processed/pilot/validation/dog/validation_dog_c94fbcdd633e11b3_0.jpg,dog,0,validation,"[0.030973451, 0.07522124, 0.969026549, 0.92477876]",53f990b2ac48a42ec7f6ee73770d141a005a960d16dddcf760f1194c1a93785e,683,1023
validation_cat_25a4fe18be8aa2af_0,25a4fe18be8aa2af,data/processed/pilot/validation/cat/validation_cat_25a4fe18be8aa2af_0.jpg,cat,1,validation,"[0.16224189, 0.03318584, 0.63126841, 0.94247786]",6b5ab49643ae4bb51033f438abbc119921f783524a5cef2e41e5886649cbee56,750,683
validation_cat_5f805386c523fa54_0,5f805386c523fa54,data/processed/pilot/validation/cat/validation_cat_5f805386c523fa54_0.jpg,cat,1,validation,"[0.0, 0.0, 0.9689781, 0.9607143]",0d0c6c127114b7006dda799e0ff1babf25c3d3b34aa82553b3e5e64998daa0ca,1002,1024
validation_cat_7fdcc8913897795c_0,7fdcc8913897795c,data/processed/pilot/validation/cat/validation_cat_7fdcc8913897795c_0.jpg,cat,1,validation,"[0.0, 0.0058708414, 0.9916667, 0.9941291586]",c54cab1e6d6e106abcffc2e6af7578c3c5ece2a99101b0d5f86e20c821035b71,1024,872
validation_cat_87f4252180bcecc5_0,87f4252180bcecc5,data/processed/pilot/validation/cat/validation_cat_87f4252180bcecc5_0.jpg,cat,1,validation,"[0.0, 0.0, 1.0, 1.0]",8f8c48a977da65e1a08eee88befb40d8f203a656794a6419b4a914befb290264,1024,683
validation_cat_c1f76f9c5ec9d48c_0,c1f76f9c5ec9d48c,data/processed/pilot/validation/cat/validation_cat_c1f76f9c5ec9d48c_0.jpg,cat,1,validation,"[0.2, 0.008333334, 0.8, 0.991666666]",dd1c0b376f17dee9fb8dd75df12033150fc7f758cfdfff1dbf974206e6c4621e,885,768
validation_car_8753718e2a5bd175_4,8753718e2a5bd175,data/processed/pilot/validation/car/validation_car_8753718e2a5bd175_4.jpg,car,2,validation,"[0.14432989, 0.18625277, 0.76583214, 0.7006651799999999]",f74b468761fd66566bf00b0b8490330fd6b8d7a97bb1390d0bf23fad996607b3,910,552
validation_car_89b840a2fc8afec5_6,89b840a2fc8afec5,data/processed/pilot/validation/car/validation_car_89b840a2fc8afec5_6.jpg,car,2,validation,"[0.086283185, 0.60914457, 0.827433615, 0.24336278]",712115cddf24f3020abd9b463527e793f7921a139022971fb7cc0f89f8365120,655,289
validation_car_b377594341eec38e_0,b377594341eec38e,data/processed/pilot/validation/car/validation_car_b377594341eec38e_0.jpg,car,2,validation,"[0.053125, 0.225, 0.9, 0.775]",0fdcc461c4d8d56197873e57b232efb251cddae9f2180c25ad3693ef43e884ee,1024,643
validation_car_bc65337350618b64_0,bc65337350618b64,data/processed/pilot/validation/car/validation_car_bc65337350618b64_0.jpg,car,2,validation,"[0.25259516, 0.42090395, 0.6228373899999999, 0.4858757]",0437668d47dfe853ff72231459a85c1bfd6d299fdcb20d5c7f0ce24881b0c5f0,739,235
validation_car_e34ada32db901328_0,e34ada32db901328,data/processed/pilot/validation/car/validation_car_e34ada32db901328_0.jpg,car,2,validation,"[0.032258064, 0.3115183, 0.9451613360000001, 0.53403146]",cf9c868099f651eab992590a3edb239c215fb932e48119c33d9ea9d08f863dd8,1024,390
validation_person_72fa84a7bbae74c5_11,72fa84a7bbae74c5,data/processed/pilot/validation/person/validation_person_72fa84a7bbae74c5_11.jpg,person,3,validation,"[0.20355412, 0.0, 0.37156704, 0.18787879]",12d6d37f284ad51caf74cc136dbe6a5e42a6b5ef9b5a13941238f2767922fc34,441,166
validation_person_803b24a864ebe3ae_6,803b24a864ebe3ae,data/processed/pilot/validation/person/validation_person_803b24a864ebe3ae_6.jpg,person,3,validation,"[0.63958335, 0.0453125, 0.36041665, 0.9546875]",a006b1b73a520e2070a7440894382292ea8de26b3dd5f005b346e6dff7629e81,299,1024
validation_person_cc99dc2dc5a741fc_9,cc99dc2dc5a741fc,data/processed/pilot/validation/person/validation_person_cc99dc2dc5a741fc_9.jpg,person,3,validation,"[0.69278353, 0.55766195, 0.18762886999999995, 0.3048973100000001]",838dc1a9a21f66c1ac39ff3b60a5b216a505b92a649fe37c3154867271ce75f9,171,362
validation_person_f2b831e025a4894f_0,f2b831e025a4894f,data/processed/pilot/validation/person/validation_person_f2b831e025a4894f_0.jpg,person,3,validation,"[0.0, 0.0, 0.99321264, 0.997114]",7549e8dc949f2f76b648d9b6fc09b9b311140b1ec03ee16e699cd3c6e51905fd,654,1024
validation_person_f856352423ae2991_2,f856352423ae2991,data/processed/pilot/validation/person/validation_person_f856352423ae2991_2.jpg,person,3,validation,"[0.47390395, 0.2359375, 0.19832984999999997, 0.1234375]",80aa17efb2c74e09428a066ff69085b3986a94e5049d6c69a8582926ba64c14a,177,147
validation_building_1169459efc6170b0_1,1169459efc6170b0,data/processed/pilot/validation/building/validation_building_1169459efc6170b0_1.jpg,building,4,validation,"[0.0703125, 0.09166667, 0.7703125, 0.7916666299999999]",f4fd499f0d1f2ef2fe444e8394acdc1aaef95e2de076e166d5c95d9fd6a36bd0,915,705
validation_building_24d24e968db6992f_30,24d24e968db6992f,data/processed/pilot/validation/building/validation_building_24d24e968db6992f_30.jpg,building,4,validation,"[0.0, 0.0, 1.0, 0.80625]",3b08dc67c324854c96fa8d05ac2d170618e0a6e0568789a2432eff38c51b8226,1024,669
validation_building_4262ed4710f517ef_0,4262ed4710f517ef,data/processed/pilot/validation/building/validation_building_4262ed4710f517ef_0.jpg,building,4,validation,"[0.0, 0.072916664, 1.0, 0.927083336]",f8b38378422cdf45891e1fe846f4c3834e1a3744c4ad05c3dbe5aef1c39e83c9,1024,768
validation_building_910deacd88c07245_0,910deacd88c07245,data/processed/pilot/validation/building/validation_building_910deacd88c07245_0.jpg,building,4,validation,"[0.1519537, 0.0472973, 0.8480463, 0.9324324]",4a641e2ea3a0d020c30f3a5372929a3991c73f572814756fe37543576356a38b,938,657
validation_building_fa87ed5946c47bb1_1,fa87ed5946c47bb1,data/processed/pilot/validation/building/validation_building_fa87ed5946c47bb1_1.jpg,building,4,validation,"[0.0, 0.17002237, 0.590379, 0.69798663]",0aacc01d1297393d25d5bc48289bc1af5d4d34612791eb3999402634783a6b91,653,541
