strategy,seed,final_average_accuracy,average_incremental_accuracy,mean_forgetting,mean_backward_transfer,total_seconds,peak_gpu_memory_mib
ewc,123,0.200000000,0.445000000,0.975000000,-0.975000000,556.358697702,1039.378906250
ewc,2026,0.200000000,0.427500000,0.960000000,-0.960000000,549.520975828,1039.378906250
ewc,42,0.200000000,0.432500000,0.970000000,-0.970000000,549.368754163,1039.378906250
joint,123,0.936000000,0.951500000,0.050000000,-0.035000000,1256.088472930,645.775390625
joint,2026,0.960000000,0.958333333,0.015000000,-0.015000000,1253.622875140,645.775390625
joint,42,0.960000000,0.965416667,0.025000000,-0.005000000,1231.499880695,645.775390625
lwf,123,0.200000000,0.439166667,0.970000000,-0.970000000,493.618701907,682.813476562
lwf,2026,0.200000000,0.557500000,0.985000000,-0.985000000,486.674259436,682.813476562
lwf,42,0.200000000,0.471250000,0.975000000,-0.975000000,491.343840786,682.813476562
naive,123,0.200000000,0.437500000,0.970000000,-0.970000000,498.928880821,645.775390625
naive,2026,0.200000000,0.448333333,0.975000000,-0.975000000,506.469994128,645.775390625
naive,42,0.200000000,0.425000000,0.955000000,-0.955000000,498.686042361,645.775390625
ncm,123,0.924000000,0.927250000,0.030000000,-0.030000000,45.039051902,104.155273438
ncm,2026,0.932000000,0.930500000,0.020000000,-0.020000000,40.953753671,104.155273438
ncm,42,0.924000000,0.927250000,0.030000000,-0.030000000,40.167415586,104.155273438
replay,123,0.860000000,0.933750000,0.145000000,-0.140000000,765.692348533,645.775390625
replay,2026,0.916000000,0.939000000,0.075000000,-0.070000000,755.840085404,645.775390625
replay,42,0.960000000,0.950416667,0.035000000,-0.035000000,766.391593159,645.775390625
